{"current":{"use-logo":false,"logo-height":"","use-retina-logo":false,"body-background-use-image":false,"background-image-width":"","background-image-height":"","background-color":"#ffffff","body-text-color":"#51595d","accent-color":"#2fc496","accent-hover-color":"#24ab83","heading-color":"#e05e60","meta-color":"#a0a2a3","error-color":"#b84949","border-color":"#d7dcde","primary-button-color":"#ffffff","secondary-button-background":"#9dcfc0","secondary-button-color":"#ffffff","secondary-button-background-hover":"#64a692","disabled-button-background":"#ebeff0","disabled-button-color":"#c4cacc","table-alternating-background-mobile":"#f4f5f5","table-header-background":"#ffffff","table-header-color":"#e05e60","form-select-background":"#f4f5f5","form-select-color":"#51595d","form-select-border-color":"#d7dcde","header-background-color":"#ffffff","logo-color":"#2e3438","header-action-icons-color":"#e05e60","header-action-icons-color-hover":"#f09ea1","header-search-background-color":"#f7f8f8","header-search-text-color":"#51595d","header-navigation-color":"#e05e60","header-navigation-color-hover":"#f09ea1","header-navigation-dropdown-background-color":"#f09ea1","header-navigation-dropdown-border-color":"#f09ea1","header-navigation-dropdown-color":"#ffffff","header-navigation-dropdown-color-hover":"#ffffff","footer-background-use-image":false,"footer-background-image-width":"","footer-background-image-height":"","footer-background-color":"#272b32","footer-header-color":"#ffffff","footer-accent-color":"#2cbb84","footer-accent-color-hover":"#1a895f","footer-share-text-color":"#272b32","home-hero-background-style":"color","home-hero-background-color":"#ffffff","slide-text-color":"#2e3438","contrast-background-color":"#e05e60","contrast-background-use-image":false,"contrast-background-image-width":"","contrast-background-image-height":"","contrast-text-color":"#f5f6f6","contrast-accent-color":"#ffc1bf","contrast-accent-hover-color":"#ffdcdb","contrast-heading-color":"#f5f6f6","contrast-meta-color":"#ffeceb","contrast-border-color":"#e05e60","contrast-error-color":"#ffffff","contrast-primary-button-color":"#ffffff","contrast-disabled-button-background":"#ffcac7","contrast-disabled-button-color":"#ffffff","contrast-form-text-input-background":"#cc5352","contrast-form-text-input-color":"#ffffff","contrast-form-text-input-border-color":"#cc5352","contrast-form-select-background":"#cc5352","contrast-form-select-color":"#ffcccc","contrast-form-select-border-color":"#cc5352","body-font":"'Open Sans', sans-serif","logo-font":"'Open Sans', sans-serif","logo-font-weight":"700","logo-font-small-caps":false,"heading-font":"'Open Sans', sans-serif","heading-font-weight":"700","heading-font-small-caps":false,"section-heading-font":"'Open Sans', sans-serif","section-heading-font-weight":"700","section-heading-font-small-caps":false,"meta-font":"'Open Sans', sans-serif","meta-font-weight":"400","meta-font-small-caps":false,"primary-button-font":"Roboto, sans-serif","primary-button-font-weight":"700","primary-button-font-small-caps":true,"header-sticky":true,"header-show-cart":true,"header-show-search":true,"header-navigation-location":"header","use-mega-nav":false,"mega-nav-trigger":"","header-show-breadcrumbs":true,"show-currency-switcher":false,"currency-switcher-format":"money_with_currency_format","currency-switcher-supported-currencies":"AUD","currency-switcher-default":"AUD","home-show-hero":true,"home-hero-shadows":false,"home-hero-title":"","home-hero-subtitle":"","home-hero-small-text":"","home-hero-cta":"","home-hero-url":"","show-slideshow":false,"slideshow-layout":"content-width","header-bleed-colors-override":"default","home-bleed-use-logo":false,"home-bleed-use-logo-retina":false,"slideshow-transition":"transition-slide","show-slideshow-navigation":false,"show-slideshow-pagination":false,"slideshow-autoplay":false,"slideshow-autoplay-delay":"","show-slide-1":false,"slide-1-text-alignment":"left","slide-1-shadows":false,"slide-1-title":"","slide-1-subtitle":"","slide-1-small-text":"","slide-1-cta":"","slide-1-url":"","show-slide-2":false,"slide-2-text-alignment":"left","slide-2-shadows":false,"slide-2-title":"","slide-2-subtitle":"","slide-2-small-text":"","slide-2-cta":"","slide-2-url":"","show-slide-3":false,"slide-3-text-alignment":"left","slide-3-shadows":false,"slide-3-title":"","slide-3-subtitle":"","slide-3-small-text":"","slide-3-cta":"","slide-3-url":"","show-slide-4":false,"slide-4-text-alignment":"left","slide-4-shadows":false,"slide-4-title":"","slide-4-subtitle":"","slide-4-small-text":"","slide-4-cta":"","slide-4-url":"","show-slide-5":false,"slide-5-text-alignment":"left","slide-5-shadows":false,"slide-5-title":"","slide-5-subtitle":"","slide-5-small-text":"","slide-5-cta":"","slide-5-url":"","home-sections-order":"A-B-C-D","home-show-full-width-1":true,"home-full-width-1-style":"contrast","home-full-width-1-title":"","home-full-width-1-text":"","home-full-width-1-media":"none","home-full-width-1-video":"","home-full-width-1-cta":"","home-full-width-1-url":"","home-show-full-width-2":false,"home-full-width-2-style":"default","home-full-width-2-title":"","home-full-width-2-text":"","home-full-width-2-media":"none","home-full-width-2-video":"","home-full-width-2-cta":"","home-full-width-2-url":"","home-show-full-width-3":false,"home-full-width-3-style":"default","home-full-width-3-title":"","home-full-width-3-text":"","home-full-width-3-media":"none","home-full-width-3-video":"","home-full-width-3-cta":"","home-full-width-3-url":"","home-left-right-style":"default","home-left-right-heading":"","home-left-right-borders":false,"home-show-left-right-1":false,"home-left-right-1-media-alignment":"left","home-left-right-1-title":"","home-left-right-1-text":"","home-left-right-1-cta":"","home-left-right-1-url":"","home-left-right-1-media":"none","home-left-right-1-video":"","home-show-left-right-2":false,"home-left-right-2-media-alignment":"left","home-left-right-2-title":"","home-left-right-2-text":"","home-left-right-2-cta":"","home-left-right-2-url":"","home-left-right-2-media":"none","home-left-right-2-video":"","home-show-left-right-3":false,"home-left-right-3-media-alignment":"left","home-left-right-3-title":"","home-left-right-3-text":"","home-left-right-3-cta":"","home-left-right-3-url":"","home-left-right-3-media":"none","home-left-right-3-video":"","home-in-line-style":"contrast","home-in-line-heading":"","home-show-in-line-images":false,"home-show-in-line-1":false,"home-in-line-1-title":"","home-in-line-1-text":"","home-in-line-1-cta":"","home-in-line-1-url":"","home-show-in-line-2":false,"home-in-line-2-title":"","home-in-line-2-text":"","home-in-line-2-cta":"","home-in-line-2-url":"","home-show-in-line-3":false,"home-in-line-3-title":"","home-in-line-3-text":"","home-in-line-3-cta":"","home-in-line-3-url":"","home-show-in-line-4":false,"home-in-line-4-title":"","home-in-line-4-text":"","home-in-line-4-cta":"","home-in-line-4-url":"","home-show-in-line-5":false,"home-in-line-5-title":"","home-in-line-5-text":"","home-in-line-5-cta":"","home-in-line-5-url":"","home-show-in-line-6":false,"home-in-line-6-title":"","home-in-line-6-text":"","home-in-line-6-cta":"","home-in-line-6-url":"","home-testimonial-style":"default","home-testimonial-heading":"","home-show-testimonial-1":false,"home-testimonial-1-quote":"","home-testimonial-1-source":"","home-testimonial-1-use-avatar":false,"home-show-testimonial-2":false,"home-testimonial-2-quote":"","home-testimonial-2-source":"","home-testimonial-2-use-avatar":false,"home-show-testimonial-3":false,"home-testimonial-3-quote":"","home-testimonial-3-source":"","home-testimonial-3-use-avatar":false,"home-show-testimonial-4":false,"home-testimonial-4-quote":"","home-testimonial-4-source":"","home-testimonial-4-use-avatar":false,"home-show-testimonial-5":false,"home-testimonial-5-quote":"","home-testimonial-5-source":"","home-testimonial-5-use-avatar":false,"home-show-testimonial-6":false,"home-testimonial-6-quote":"","home-testimonial-6-source":"","home-testimonial-6-use-avatar":false,"home-order-now-style":"default","home-order-now-title":"","home-order-now-product":"","home-order-now-description":"","home-order-now-enable-express":true,"home-featured-collections-style":"default","home-featured-collections-title":"","home-featured-collection-1":"","home-featured-collection-2":"","home-featured-collection-3":"","home-featured-collections-count":false,"home-featured-products-style":"default","home-featured-products-title":"","home-featured-products-cta":"","home-featured-products-url":"\/collections\/all","home-featured-products-collection":"","home-featured-products-per-row":"3","home-featured-products-num-rows":"1","home-featured-blog-style":"default","home-featured-blog-title":"","home-featured-blog":"","home-featured-blog-num-posts":"2","home-as-seen-on-style":"default","home-as-seen-on-heading":"","home-as-seen-on-per-row":"4","home-show-as-seen-on-1":false,"home-as-seen-on-1-url":"","home-show-as-seen-on-2":false,"home-as-seen-on-2-url":"","home-show-as-seen-on-3":false,"home-as-seen-on-3-url":"","home-show-as-seen-on-4":false,"home-as-seen-on-4-url":"","home-show-as-seen-on-5":false,"home-as-seen-on-5-url":"","home-show-as-seen-on-6":false,"home-as-seen-on-6-url":"","home-show-as-seen-on-7":false,"home-as-seen-on-7-url":"","home-show-as-seen-on-8":false,"home-as-seen-on-8-url":"","home-show-as-seen-on-9":false,"home-as-seen-on-9-url":"","home-show-as-seen-on-10":false,"home-as-seen-on-10-url":"","home-show-as-seen-on-11":false,"home-as-seen-on-11-url":"","home-show-as-seen-on-12":false,"home-as-seen-on-12-url":"","home-instagram-style":"default","home-instagram-title":"","home-instagram-access-token":"","display-instagram-tag":false,"instagram-tag":"","home-instagram-cta":"","home-instagram-url":"","collection-listing-linklist":"","collections-show-description":true,"collections-per-page":"10","collection-show-featured-image":false,"collection-show-description":true,"collection-enable-tag-filtering":true,"collection-products-per-row":"2","collection-products-per-page":"12","product-stock-level-overlay":false,"product-stock-level-overlay-threshold":"5","product-enable-zoom":true,"product-display-vendor":false,"product-show-share-buttons":true,"product-show-related":false,"product-slideshow-layout":"full-width","product-slideshow-transition":"transition-fade","show-product-slideshow-navigation":true,"show-product-slideshow-pagination":false,"product-slideshow-color":"","product-slideshow-autoplay":false,"product-slideshow-autoplay-delay":"4","product-header-bleed-colors":"default","product-bleed-use-logo":false,"product-bleed-use-logo-retina":false,"product-show-info-link-1":false,"product-info-link-text-1":"","product-info-link-url-1":"","product-info-link-icon-1":"info","product-show-info-link-2":false,"product-info-link-text-2":"","product-info-link-url-2":"","product-info-link-icon-2":"info","articles-per-page":"5","blog-show-rss-icon":true,"blog-show-tags":true,"blog-show-author":false,"blog-show-comment-count":false,"blog-show-share-buttons":true,"post-show-share-buttons":true,"contact-page-title":"","contact-page-success":"","contact-page-error":"","cart-show-special-instructions":true,"show-shipping-calculator":true,"shipping_calculator_default_country":"Australia","display-mailing-list":false,"mailing-list-platform":"mailchimp","mailing-list-title":"","mailing-list-blurb":"","mailing-list-action-url":"","campaign-monitor-name":"","mailing-list-modal-title":"","mailing-list-modal-description":"","mailing-list-modal-button-text":"","home-mailing-list-style":"default","footer-show-headers":false,"footer-link-list-1":"footer","footer-link-list-2":"","footer-link-list-3":"","footer-show-sharing":true,"footer-sharing-header":"","footer-sharing-intro":"","footer-show-tweet":true,"footer-show-like":true,"footer-show-pin":true,"footer-show-plus":true,"footer-show-fancy":true,"footer-show-payment-options":false,"show-diners-club":false,"show-maestro":false,"show-interac":false,"show-visa":false,"show-mastercard":false,"show-discover":false,"show-dk":false,"show-american-express":false,"show-google-wallet":false,"show-paypal":false,"show-jcb":false,"show-cirrus":false,"show-stripe":false,"show-bitcoins":false,"disable-ajax":false,"custom-css":"","checkout_use_header_image":false,"checkout_logo":"","checkout_logo_position":"left","checkout_body_background_color":"#fff","checkout_use_body_background_image":false,"checkout_input_background_color_mode":"white","checkout_sidebar_background_color":"#fafafa","checkout_use_sidebar_background_image":false,"checkout_body_font":"Helvetica Neue","checkout_heading_font":"Helvetica Neue","checkout_accent_color":"#1990C6","checkout_button_color":"#1990C6","checkout_error_color":"#ff6d6d","customer_layout":"customer_area"},"presets":{"Home":{"background-color":"#ffffff","header-background-color":"#ffffff","header-search-background-color":"#FAF7F6","footer-background-color":"#2C211B","contrast-background-color":"#FAF7F6","body-text-color":"#988980","accent-color":"#FF5555","accent-hover-color":"#de3838","logo-color":"#55453C","heading-color":"#68574D","meta-color":"#b7aba3","error-color":"#B84949","border-color":"#EDE7E4","primary-button-color":"#ffffff","secondary-button-background":"#C6B9B1","secondary-button-color":"#ffffff","secondary-button-background-hover":"#9e918a","disabled-button-background":"#F0F0F0","disabled-button-color":"#B3B3B3","table-alternating-background-mobile":"#fafafa","table-header-background":"#FAF7F6","table-header-color":"#988980","form-select-background":"#ede7e4","form-select-color":"#988980","form-select-border-color":"#ede7e4","header-action-icons-color":"#C6B9B1","header-action-icons-color-hover":"#a1958d","header-search-text-color":"#C6B9B1","header-navigation-color":"#988980","header-navigation-color-hover":"#7d6f66","header-navigation-dropdown-background-color":"#68574D","header-navigation-dropdown-border-color":"#68574D","header-navigation-dropdown-color":"#ffffff","header-navigation-dropdown-color-hover":"#ffffff","footer-header-color":"#ffffff","footer-accent-color":"#988980","footer-accent-color-hover":"#b8a69a","footer-share-text-color":"#2C211B","home-hero-background-color":"#ffffff","slide-text-color":"#68574d","contrast-text-color":"#988980","contrast-accent-color":"#68574d","contrast-accent-hover-color":"#967f70","contrast-heading-color":"#68574D","contrast-meta-color":"#c9beb7","contrast-border-color":"#DCD5D1","contrast-error-color":"#b84949","contrast-primary-button-color":"#ffffff","contrast-disabled-button-background":"#F1F1F1","contrast-disabled-button-color":"#b2b2b2","contrast-form-text-input-background":"#ede7e4","contrast-form-text-input-color":"#988980","contrast-form-text-input-border-color":"#ede7e4","contrast-form-select-background":"#EDE7E4","contrast-form-select-color":"#988980","contrast-form-select-border-color":"#EDE7E4","body-font":"Roboto, sans-serif","logo-font":"Bitter, serif","logo-font-weight":"700","heading-font":"Bitter, serif","heading-font-weight":"700","section-heading-font":"Bitter, serif","section-heading-font-weight":"700","meta-font":"Roboto, sans-serif","meta-font-weight":"400","primary-button-font":"Roboto, sans-serif","primary-button-font-weight":"700","logo-font-small-caps":true,"heading-font-small-caps":false,"section-heading-font-small-caps":true,"meta-font-small-caps":true,"primary-button-font-small-caps":true,"header-sticky":false,"header-show-cart":true,"header-show-search":true,"header-navigation-location":"drawer","header-show-breadcrumbs":false,"footer-show-headers":false,"footer-sharing-header":"","footer-link-list-1":"footer","footer-show-sharing":true,"footer-show-tweet":true,"footer-show-like":true,"footer-show-pin":true,"footer-show-plus":true,"footer-show-fancy":true,"footer-show-payment-options":false,"home-show-hero":true,"home-sections-order":"A-B-C-D","home-show-full-width-1":true,"home-full-width-1-style":"contrast","home-full-width-1-title":"","home-full-width-1-text":"","home-full-width-1-media":"none","home-full-width-1-video":"","home-full-width-1-cta":"","home-full-width-1-url":"","home-in-line-style":"contrast","home-testimonial-heading":"","home-order-now-title":"","home-order-now-product":"","home-order-now-description":"","home-order-now-enable-express":true,"home-featured-products-title":"","home-featured-products-cta":"","home-featured-products-url":"\/collections\/all","home-featured-products-collection":"","home-featured-products-per-row":"3","home-as-seen-on-heading":"","home-as-seen-on-per-row":"4","collections-show-description":true,"collections-per-page":"10","collection-products-per-page":"12","collection-show-featured-image":false,"collection-show-description":true,"collection-enable-tag-filtering":true,"product-display-vendor":false,"product-show-share-buttons":true,"product-show-related":false,"product-show-info-link-1":false,"product-show-info-link-2":false,"product-enable-zoom":true,"product-slideshow-layout":"full-width","product-slideshow-transition":"transition-fade","show-product-slideshow-navigation":true,"show-product-slideshow-pagination":false,"product-slideshow-autoplay":false,"product-slideshow-autoplay-delay":"4","product-header-bleed-colors":"default","product-bleed-use-logo":false,"product-bleed-use-logo-retina":false,"product-stock-level-overlay":false,"product-stock-level-overlay-threshold":"5","blog-show-rss-icon":true,"articles-per-page":"5","blog-show-tags":true,"blog-show-author":false,"blog-show-comment-count":false,"blog-show-share-buttons":true,"post-show-share-buttons":true,"cart-show-special-instructions":true,"shipping_calculator_default_country":"United States","home-hero-background-style":"color","mailing-list-modal-title":"","mailing-list-modal-description":"","mailing-list-modal-button-text":""},"Tech":{"background-color":"#ffffff","header-background-color":"#ffffff","header-search-background-color":"#f7f8f8","header-navigation-dropdown-border-color":"#f09ea1","footer-background-color":"#272B32","contrast-background-color":"#E05E60","body-text-color":"#51595D","accent-color":"#2FC496","accent-hover-color":"#24ab83","logo-color":"#2e3438","heading-color":"#E05E60","meta-color":"#a0a2a3","error-color":"#b84949","border-color":"#D7DCDE","primary-button-color":"#ffffff","secondary-button-background":"#9dcfc0","secondary-button-color":"#ffffff","secondary-button-background-hover":"#64a692","disabled-button-background":"#ebeff0","disabled-button-color":"#c4cacc","table-alternating-background-mobile":"#f4f5f5","table-header-background":"#ffffff","table-header-color":"#e05e60","form-select-background":"#F4F5F5","form-select-color":"#51595D","form-select-border-color":"#D7DCDE","header-action-icons-color":"#E05E60","header-action-icons-color-hover":"#f09ea1","header-search-text-color":"#51595d","header-navigation-color":"#e05e60","header-navigation-color-hover":"#f09ea1","header-navigation-dropdown-background-color":"#f09ea1","header-navigation-dropdown-color":"#ffffff","header-navigation-dropdown-color-hover":"#ffffff","footer-header-color":"#ffffff","footer-accent-color":"#2CBB84","footer-accent-color-hover":"#1A895F","footer-share-text-color":"#272B32","home-hero-background-color":"#ffffff","slide-text-color":"#2e3438","contrast-text-color":"#F5F6F6","contrast-accent-color":"#ffc1bf","contrast-accent-hover-color":"#ffdcdb","contrast-heading-color":"#F5F6F6","contrast-meta-color":"#ffeceb","contrast-border-color":"#e05e60","contrast-error-color":"#ffffff","contrast-primary-button-color":"#ffffff","contrast-disabled-button-background":"#ffcac7","contrast-disabled-button-color":"#ffffff","contrast-form-text-input-background":"#cc5352","contrast-form-text-input-color":"#ffffff","contrast-form-text-input-border-color":"#cc5352","contrast-form-select-background":"#cc5352","contrast-form-select-color":"#ffcccc","contrast-form-select-border-color":"#cc5352","body-font":"'Open Sans', sans-serif","logo-font":"'Open Sans', sans-serif","logo-font-weight":"700","heading-font":"'Open Sans', sans-serif","heading-font-weight":"700","section-heading-font":"'Open Sans', sans-serif","section-heading-font-weight":"700","meta-font":"'Open Sans', sans-serif","meta-font-weight":"400","primary-button-font":"Roboto, sans-serif","primary-button-font-weight":"700","logo-font-small-caps":false,"heading-font-small-caps":false,"section-heading-font-small-caps":false,"meta-font-small-caps":false,"primary-button-font-small-caps":true,"header-sticky":false,"header-show-cart":true,"header-show-search":true,"header-navigation-location":"drawer","header-show-breadcrumbs":false,"footer-show-headers":false,"footer-sharing-header":"","footer-link-list-1":"footer","footer-show-sharing":true,"footer-show-tweet":true,"footer-show-like":true,"footer-show-pin":true,"footer-show-plus":true,"footer-show-fancy":true,"footer-show-payment-options":false,"home-show-hero":true,"home-sections-order":"A-B-C-D","home-show-full-width-1":true,"home-full-width-1-style":"contrast","home-full-width-1-title":"","home-full-width-1-text":"","home-full-width-1-media":"none","home-full-width-1-video":"","home-full-width-1-cta":"","home-full-width-1-url":"","home-in-line-style":"contrast","home-testimonial-heading":"","home-order-now-title":"","home-order-now-product":"","home-order-now-description":"","home-order-now-enable-express":true,"home-featured-products-title":"","home-featured-products-cta":"","home-featured-products-url":"\/collections\/all","home-featured-products-collection":"","home-featured-products-per-row":"3","home-as-seen-on-heading":"","home-as-seen-on-per-row":"4","collections-show-description":true,"collections-per-page":"10","collection-products-per-page":"12","collection-show-featured-image":false,"collection-show-description":true,"collection-enable-tag-filtering":true,"product-display-vendor":false,"product-show-share-buttons":true,"product-show-related":false,"product-show-info-link-1":false,"product-show-info-link-2":false,"product-enable-zoom":true,"product-slideshow-layout":"full-width","product-slideshow-transition":"transition-fade","show-product-slideshow-navigation":true,"show-product-slideshow-pagination":false,"product-slideshow-autoplay":false,"product-slideshow-autoplay-delay":"4","product-header-bleed-colors":"default","product-bleed-use-logo":false,"product-bleed-use-logo-retina":false,"product-stock-level-overlay":false,"product-stock-level-overlay-threshold":"5","blog-show-rss-icon":true,"articles-per-page":"5","blog-show-tags":true,"blog-show-author":false,"blog-show-comment-count":false,"blog-show-share-buttons":true,"post-show-share-buttons":true,"cart-show-special-instructions":true,"shipping_calculator_default_country":"United States","home-hero-background-style":"color","mailing-list-modal-title":"","mailing-list-modal-description":"","mailing-list-modal-button-text":""},"Cloth":{"background-color":"#ffffff","header-background-color":"#ffffff","header-search-background-color":"#f4f5f5","footer-background-color":"#729BB4","contrast-background-color":"#2E3438","body-text-color":"#838B8F","accent-color":"#729BB4","accent-hover-color":"#446e8a","logo-color":"#2E3438","heading-color":"#2E3438","meta-color":"#838b8f","error-color":"#b8474f","border-color":"#EDF0F2","primary-button-color":"#ffffff","secondary-button-background":"#f4f5f5","secondary-button-color":"#b6bbbe","secondary-button-background-hover":"#e6ebeb","disabled-button-background":"#e6ebeb","disabled-button-color":"#bcc2c2","table-alternating-background-mobile":"#f4f5f5","table-header-background":"#ffffff","table-header-color":"#2e3438","form-select-background":"#F4F5F5","form-select-color":"#838B8F","form-select-border-color":"#D7DCDE","header-action-icons-color":"#729BB4","header-action-icons-color-hover":"#446e8a","header-search-text-color":"#838b8f","header-navigation-color":"#729bb4","header-navigation-color-hover":"#446e8a","header-navigation-dropdown-background-color":"#ffffff","header-navigation-dropdown-border-color":"#ffffff","header-navigation-dropdown-color":"#729bb4","header-navigation-dropdown-color-hover":"#59839e","footer-header-color":"#ffffff","footer-accent-color":"#ffffff","footer-accent-color-hover":"#ffffff","footer-share-text-color":"#729BB4","home-hero-background-color":"#ffffff","slide-text-color":"#2E3438","contrast-text-color":"#FFFFFF","contrast-accent-color":"#729BB4","contrast-accent-hover-color":"#99bacf","contrast-heading-color":"#ffffff","contrast-meta-color":"#c7d7e3","contrast-border-color":"#2e3438","contrast-error-color":"#ffffff","contrast-primary-button-color":"#23272A","contrast-disabled-button-background":"#838b8f","contrast-disabled-button-color":"#aeb9bf","contrast-form-text-input-background":"#51595d","contrast-form-text-input-color":"#23272a","contrast-form-text-input-border-color":"#51595d","contrast-form-select-background":"#899499","contrast-form-select-color":"#23272a","contrast-form-select-border-color":"#899499","body-font":"'Open Sans', sans-serif","logo-font":"'Open Sans', sans-serif","logo-font-weight":"700","heading-font":"Volkhov, serif","heading-font-weight":"700","section-heading-font":"Volkhov, serif","section-heading-font-weight":"400","meta-font":"'Open Sans', sans-serif","meta-font-weight":"400","primary-button-font":"Volkhov, serif","primary-button-font-weight":"700","logo-font-small-caps":true,"heading-font-small-caps":false,"section-heading-font-small-caps":true,"meta-font-small-caps":true,"primary-button-font-small-caps":true,"header-sticky":false,"header-show-cart":true,"header-show-search":true,"header-navigation-location":"drawer","header-show-breadcrumbs":false,"footer-show-headers":false,"footer-sharing-header":"","footer-link-list-1":"footer","footer-show-sharing":true,"footer-show-tweet":true,"footer-show-like":true,"footer-show-pin":true,"footer-show-plus":true,"footer-show-fancy":true,"footer-show-payment-options":false,"home-show-hero":true,"home-sections-order":"A-B-C-D","home-show-full-width-1":true,"home-full-width-1-style":"contrast","home-full-width-1-title":"","home-full-width-1-text":"","home-full-width-1-media":"none","home-full-width-1-video":"","home-full-width-1-cta":"","home-full-width-1-url":"","home-in-line-style":"contrast","home-testimonial-heading":"","home-order-now-title":"","home-order-now-product":"","home-order-now-description":"","home-order-now-enable-express":true,"home-featured-products-title":"","home-featured-products-cta":"","home-featured-products-url":"\/collections\/all","home-featured-products-collection":"","home-featured-products-per-row":"3","home-as-seen-on-heading":"","home-as-seen-on-per-row":"4","collections-show-description":true,"collections-per-page":"10","collection-products-per-page":"12","collection-show-featured-image":false,"collection-show-description":true,"collection-enable-tag-filtering":true,"product-display-vendor":false,"product-show-share-buttons":true,"product-show-related":false,"product-show-info-link-1":false,"product-show-info-link-2":false,"product-enable-zoom":true,"product-slideshow-layout":"full-width","product-slideshow-transition":"transition-fade","show-product-slideshow-navigation":true,"show-product-slideshow-pagination":false,"product-slideshow-autoplay":false,"product-slideshow-autoplay-delay":"4","product-header-bleed-colors":"default","product-bleed-use-logo":false,"product-bleed-use-logo-retina":false,"product-stock-level-overlay":false,"product-stock-level-overlay-threshold":"5","blog-show-rss-icon":true,"articles-per-page":"5","blog-show-tags":true,"blog-show-author":false,"blog-show-comment-count":false,"blog-show-share-buttons":true,"post-show-share-buttons":true,"cart-show-special-instructions":true,"shipping_calculator_default_country":"United States","home-hero-background-style":"color","mailing-list-modal-title":"","mailing-list-modal-description":"","mailing-list-modal-button-text":""},"Art":{"background-color":"#ffffff","header-background-color":"#050D0E","header-search-background-color":"#314245","footer-background-color":"#050D0E","contrast-background-color":"#6FC3C4","body-text-color":"#060C0C","accent-color":"#6fc3c4","accent-hover-color":"#3da6a8","logo-color":"#ffffff","heading-color":"#060C0C","meta-color":"#a0a2a3","error-color":"#b84949","border-color":"#e8eced","primary-button-color":"#ffffff","secondary-button-background":"050D0E","secondary-button-color":"#ffffff","secondary-button-background-hover":"224246","disabled-button-background":"ADC2C2","disabled-button-color":"#ffffff","table-alternating-background-mobile":"#f4f5f5","table-header-background":"#ffffff","table-header-color":"#060c0c","form-select-background":"#ffffff","form-select-color":"#6a9898","form-select-border-color":"#b8c8c8","header-action-icons-color":"#ffffff","header-action-icons-color-hover":"#ffffff","header-search-text-color":"#ffffff","header-navigation-color":"#ffffff","header-navigation-color-hover":"#babfc0","header-navigation-dropdown-background-color":"#050d0e","header-navigation-dropdown-border-color":"#050d0e","header-navigation-dropdown-color":"#ffffff","header-navigation-dropdown-color-hover":"#babfc0","footer-header-color":"#ffffff","footer-accent-color":"#5FB8B7","footer-accent-color-hover":"#93eded","footer-share-text-color":"#ffffff","home-hero-background-color":"#ffffff","slide-text-color":"#060c0c","contrast-text-color":"#ffffff","contrast-accent-color":"#223e42","contrast-accent-hover-color":"#0e1a1c","contrast-heading-color":"#ffffff","contrast-meta-color":"#d2fafa","contrast-border-color":"#6fc3c4","contrast-error-color":"#ffffff","contrast-primary-button-color":"#ffffff","contrast-disabled-button-background":"BDF4F5","contrast-disabled-button-color":"BDF4F5","contrast-form-text-input-background":"#ffffff","contrast-form-text-input-color":"#5FB8B7","contrast-form-text-input-border-color":"#ffffff","contrast-form-select-background":"#ffffff","contrast-form-select-color":"#5FB8B7","contrast-form-select-border-color":"#ffffff","body-font":"Montserrat, sans-serif","logo-font":"Montserrat, sans-serif","logo-font-weight":"700","heading-font":"Montserrat, sans-serif","heading-font-weight":"700","section-heading-font":"Montserrat, sans-serif","section-heading-font-weight":"700","meta-font":"Montserrat, sans-serif","meta-font-weight":"400","primary-button-font":"Montserrat, sans-serif","primary-button-font-weight":"700","logo-font-small-caps":true,"heading-font-small-caps":false,"section-heading-font-small-caps":true,"meta-font-small-caps":true,"primary-button-font-small-caps":true,"header-sticky":false,"header-show-cart":true,"header-show-search":true,"header-navigation-location":"drawer","header-show-breadcrumbs":false,"footer-show-headers":false,"footer-sharing-header":"","footer-link-list-1":"footer","footer-show-sharing":true,"footer-show-tweet":true,"footer-show-like":true,"footer-show-pin":true,"footer-show-plus":true,"footer-show-fancy":true,"footer-show-payment-options":false,"home-show-hero":true,"home-sections-order":"A-B-C-D","home-show-full-width-1":true,"home-full-width-1-style":"contrast","home-full-width-1-title":"","home-full-width-1-text":"","home-full-width-1-media":"none","home-full-width-1-video":"","home-full-width-1-cta":"","home-full-width-1-url":"","home-in-line-style":"contrast","home-testimonial-heading":"","home-order-now-title":"","home-order-now-product":"","home-order-now-description":"","home-order-now-enable-express":true,"home-featured-products-title":"","home-featured-products-cta":"","home-featured-products-url":"\/collections\/all","home-featured-products-collection":"","home-featured-products-per-row":"3","home-as-seen-on-heading":"","home-as-seen-on-per-row":"4","collections-show-description":true,"collections-per-page":"10","collection-products-per-page":"12","collection-show-featured-image":false,"collection-show-description":true,"collection-enable-tag-filtering":true,"product-display-vendor":false,"product-show-share-buttons":true,"product-show-related":false,"product-show-info-link-1":false,"product-show-info-link-2":false,"product-enable-zoom":true,"product-slideshow-layout":"full-width","product-slideshow-transition":"transition-fade","show-product-slideshow-navigation":true,"show-product-slideshow-pagination":false,"product-slideshow-autoplay":false,"product-slideshow-autoplay-delay":"4","product-header-bleed-colors":"default","product-bleed-use-logo":false,"product-bleed-use-logo-retina":false,"product-stock-level-overlay":false,"product-stock-level-overlay-threshold":"5","blog-show-rss-icon":true,"articles-per-page":"5","blog-show-tags":true,"blog-show-author":false,"blog-show-comment-count":false,"blog-show-share-buttons":true,"post-show-share-buttons":true,"cart-show-special-instructions":true,"shipping_calculator_default_country":"United States","home-hero-background-style":"color","mailing-list-modal-title":"","mailing-list-modal-description":"","mailing-list-modal-button-text":""}}}